<?xml version="1.0" encoding="UTF-8"?>
<project-private xmlns="http://www.netbeans.org/ns/project-private/1">
    <editor-bookmarks xmlns="http://www.netbeans.org/ns/editor-bookmarks/2" lastBookmarkId="0"/>
    <open-files xmlns="http://www.netbeans.org/ns/projectui-open-files/1">
        <file>file:/C:/Users/admin/Documents/ColemanU/AtHome/mod2cis/COM285/COM285Work-MFetick/TextbookCh6Stacks/src/TextbookStacks/ArrayStack.java</file>
        <file>file:/C:/Users/admin/Documents/ColemanU/AtHome/mod2cis/COM285/COM285Work-MFetick/TextbookCh6Stacks/src/TextbookStacks/LinkedStack.java</file>
        <file>file:/C:/Users/admin/Documents/ColemanU/AtHome/mod2cis/COM285/COM285Work-MFetick/TextbookCh6Stacks/src/TextbookStacks/Stack.java</file>
        <file>file:/C:/Users/admin/Documents/ColemanU/AtHome/mod2cis/COM285/COM285Work-MFetick/TextbookCh6Stacks/src/TextbookStacks/TestbookStacks.java</file>
        <file>file:/C:/Users/admin/Documents/ColemanU/AtHome/mod2cis/COM285/COM285Work-MFetick/TextbookCh6Stacks/src/TextbookStacks/LinkedNode.java</file>
    </open-files>
</project-private>
