<?xml version="1.0" encoding="UTF-8"?>
<project-private xmlns="http://www.netbeans.org/ns/project-private/1">
    <editor-bookmarks xmlns="http://www.netbeans.org/ns/editor-bookmarks/2" lastBookmarkId="0"/>
    <open-files xmlns="http://www.netbeans.org/ns/projectui-open-files/1">
        <file>file:/S:/COM285/COM285Work-MFetick/Ex4ArrayList/src/ex4arraylist/Ex4ArrayList.java</file>
        <file>file:/S:/COM285/COM285Work-MFetick/Ex4ArrayList/src/ex4arraylist/Item.java</file>
        <file>file:/S:/COM285/COM285Work-MFetick/Ex4ArrayList/Product.csv</file>
    </open-files>
</project-private>
